Published_date,Title,Publishers,Product_code,Pages,Price
"April 20, 2022","Global Industrial Inkjet Printheads Market Report, History and Forecast 2017-2028",QYResearch,1070478,102 Pages,USD 3350
"April 20, 2022",Global Float Glass Market Research Report 2022,QYResearch,1070476,151 Pages,USD 2900
"April 20, 2022",Global Electrostatic Chucks (ESCs) In Semiconductor Market Research Report 2022,QYResearch,1070474,135 Pages,USD 2900
"April 20, 2022",Global Anti-Caking Agents for Fertilizer Market Research Report 2022,QYResearch,1070472,138 Pages,USD 2900
"April 20, 2022","Global Acetaldehyde Market Insights, Forecast to 2028",QYResearch,1070471,171 Pages,USD 4900
"April 18, 2022","Global Synthetic Fibres (Polyester, Nylon, Acrylic & Polyolefin) Market: Insights & Forecast with Potential Impact of COVID-19 (2022-2026)",Koncept Analytics,1070417,105 Pages,USD 1400
"April 18, 2022",Global Helium Market: Insights & Forecast with Potential Impact of COVID-19 (2022-2026),Koncept Analytics,1070416,87 Pages,USD 1300
"April 18, 2022",Global Petrochemical Market (By Type & Region): Insights & Forecast with Potential Impact of COVID-19 (2022-2026),Koncept Analytics,1070414,104 Pages,USD 1400
"April 18, 2022","Global Surfactants Market (Non-ionic, Anionic & Cationic): Insights & Forecast with Potential Impact of COVID-19 (2022-2026)",Koncept Analytics,1070412,116 Pages,USD 1600
"April 14, 2022",Re-Refined Base Oil Market - Global Outlook & Forecast 2022-2027,Arizton Advisory & Intelligence,1069856,294 Pages,USD 3750
"April 14, 2022",Poly Alpha Olefin (PAO) Market - Global Outlook & Forecast 2022-2027,Arizton Advisory & Intelligence,1069854,222 Pages,USD 3750
"April 14, 2022",Medical Device Packaging Market - Global Outlook & Forecast 2022-2027,Arizton Advisory & Intelligence,1069849,299 Pages,USD 3750
"April 14, 2022",Group II & III Base Oil Market - Global Outlook & Forecast 2022-2027,Arizton Advisory & Intelligence,1069847,259 Pages,USD 3750
"April 14, 2022",Garden Pesticides Market - Global Outlook & Forecast 2022-2027,Arizton Advisory & Intelligence,1069845,287 Pages,USD 3500
"April 14, 2022",Data Center Fire Detection and Suppression Market - Global Outlook & Forecast 2022-2027,Arizton Advisory & Intelligence,1069840,379 Pages,USD 3750
"April 14, 2022",Base Oil Market - Global Outlook & Forecast 2022-2027,Arizton Advisory & Intelligence,1069836,268 Pages,USD 3750
"April 14, 2022",Vietnam Short Fiber Thermoplastic (SFT) Market Research Report 2022,QYResearch,1069722,80 Pages,USD 3400
"April 14, 2022",Global Zinc Aluminum Magnesium Coated Steel Market Research Report 2022,QYResearch,1069718,141 Pages,USD 2900
"April 14, 2022",Global Polybutene-1(Resin) Market Research Report 2022,QYResearch,1069714,107 Pages,USD 2900
"April 14, 2022","Global Paint Grade Zinc Dust Market Report, History and Forecast 2017-2029",QYResearch,1069713,136 Pages,USD 3350
"April 14, 2022","Global Organoclay Market Report, History and Forecast 2017-2028",QYResearch,1069711,149 Pages,USD 3350
"April 14, 2022","Global CPP Packaging Films Market Report, History and Forecast 2017-2028",QYResearch,1069701,133 Pages,USD 3350
"April 14, 2022",Africa and GCC Cocamidopropyl Betaine (CAPB) Market Report & Forecast 2022-2028,QYResearch,1069695,109 Pages,USD 3900
"April 14, 2022",Global High Purity Electronic Grade Phosphoric Acid Market Research Report 2022,QYResearch,1068652,127 Pages,USD 2900
"April 13, 2022","Cladding Systems Market by Material (Ceramic, Wood, Brick & Stone, Vinyl, Stucco & EIFS, Metal, Fiber Cement), Use, Application (Residential, Non-Residential), and Region (North America, Europe, APAC, MEA, South America) - Global Forecast to 2026",MarketsandMarkets,1070462,157 Pages,USD 4950
